INSERT INTO `m_category` (`id` ,`code` ,`name` ,`title`) VALUES 
('K001',  'B',  'BPJS',  'BPJS KESEHATAN'), 
('K002',  'A',  'REGULER',  'REGULER / NON BPJS'),
('K003',  'F',  'FARMASI',  'FARMASI / OBAT');

INSERT INTO `m_poli` (`id` ,`code` ,`name`) VALUES 
('1',  'P001',  'Anak'),
('2',  'P002',  'Bedah Tulang'),
('3',  'P003',  'Bedah Umum'),
('4',  'P004',  'Diabet'),
('5',  'P005',  'Fisioterapi'),
('6',  'P006',  'Gigi'),
('7',  'P007',  'Jantung'),
('8',  'P008',  'Kebidanan & Kandungan'),
('9',  'P009',  'Gizi'),
('10',  'P010',  'Kunsultasi Anestesi'),
('11',  'P011',  'Kulit & Kelamin'),
('12',  'P012',  'Mata'),
('13',  'P013',  'Napza'),
('14',  'P014',  'Neurologi'),
('15',  'P015',  'Paru-Paru'),
('16',  'P016',  'Penyakit Dalam 1'),
('17',  'P017',  'Psikiatri'),
('18',  'P018',  'Psikiatri Anak & Remaja'),
('19',  'P019',  'Psikiatri Eksekutif'),
('20',  'P020',  'Psikologi Anak & Remaja'),
('21',  'P021',  'Psikologi Dewasa'),
('22',  'P022',  'Rehabiliasi Psikososial'),
('23',  'P023',  'THT'),
('24',  'P024',  'Umum & Okupasi, Assessment Center');

INSERT INTO `m_jadwal_dokter` (`id`, `kuota_senin`, `kuota_selasa`, `kuota_rabu`, `kuota_kamis`, `kuota_jumat`, `kuota_sabtu`, `kuota_minggu`, `name`, `code`, `description`, `id_poli`) VALUES 
('1', '15', '0', '15', '0', '15', '0', '0', 'Dr. Faisal Akbar, Sp.A', 'D001', 'Poli Anak 1', '1'),
('2', '0', '30', '0', '30', '0', '0', '0', 'Dr. Agustinus Patandianan, Sp.A', 'D002', 'Poli Anak 1', '1'),
('3', '30', '30', '30', '30', '30', '0', '0', 'Dr. Daih Pusmala, Sp.A', 'D003', 'Poli Anak 2', '1'),
('4', '0', '0', '15', '0', '15', '0', '0', 'Dr. Mulyono Djunaedi, Sp.BO, Sp.A', 'D004', 'Bedah Tulang', '2'),
('5', '15', '15', '15', '15', '15', '0', '0', 'Dr. Solya Wijaya, Sp.B', 'D005', 'Bedah Umum', '3'),
('6', '30', '30', '0', '30', '0', '0', '0', 'Dr. Edi Supriadi, Sp.PD', 'D006', 'Diabet 1', '4'),
('7', '30', '30', '30', '30', '20', '0', '0', 'Dr. Nerina Maya Kartifa, Sp.PD', 'D007', 'Diabet 2', '4'),
('8', '15', '15', '0', '0', '15', '0', '0', 'Dr. Lilis, Sp.RM', 'D008', 'Fisioterapi', '5'),
('9', '0', '0', '15', '0', '15', '0', '0', 'Dr. Vico, Sp.RM', 'D009', 'Fisioterapi', '5'),
('10', '15', '0', '0', '15', '15', '0', '0', 'Drg. Dessy Rosmelita, Sp.Perio', 'D010', 'Bedah Mulut', '6'),
('11', '15', '0', '15', '15', '0', '0', '0', 'Drg. Gusti Chalki, Sp.Perio', 'D011', 'Bedah Mulut', '6'),
('12', '15', '15', '15', '15', '15', '0', '0', 'Drg. Kristina Respati', 'D012', 'Gigi Anak', '6'),
('13', '0', '15', '0', '15', '15', '0', '0', 'Drg. Y. Agung, Sp.Prost', 'D013', 'Gigi Palsu', '6'),
('14', '0', '15', '15', '15', '15', '0', '0', 'Drg. Nuzul Warderma', 'D014', 'Konservasi', '6'),
('15', '15', '0', '15', '0', '15', '0', '0', 'Drg. Andi H. Sadikin, Sp.Sport', 'D015', 'Orthodonti', '6'),
('16', '70', '70', '70', '70', '70', '0', '0', 'Dr. Rina, Sp.JP', 'D016', 'Jantung 1', '7'),
('17', '15', '15', '15', '15', '15', '0', '0', 'Dr. Nyoman, Sp.JP', 'D017', 'Jantung 2', '7'),
('18', '15', '0', '15', '0', '0', '0', '0', 'Dr. Ikhsan, Sp.OG', 'D018', 'Kandungan', '8'),
('19', '0', '15', '0', '15', '15', '0', '0', 'Dr. Edward R. H. Sitompul, Sp.OG', 'D019', 'Kandungan', '8'),
('20', '15', '15', '15', '15', '15', '0', '0', 'Dr. Anna Hoengdrayana Then', 'D020', 'Gizi', '9'),
('21', '15', '15', '15', '15', '15', '0', '0', 'Dr. Batara Saud H. Tampubolon, Sp.An', 'D021', 'Kunsultasi Anestesi', '10'),
('22', '0', '15', '15', '0', '15', '0', '0', 'Dr. Windi H. Simiardji, Sp.KK', 'D022', 'Kulit & Kelamin', '11'),
('23', '0', '15', '15', '15', '15', '0', '0', 'Dr. Azrief, Sp.M', 'D023', 'Mata', '12'),
('24', '15', '0', '0', '0', '0', '0', '0', 'Dr. Erwanto', 'D024', 'Napza', '13'),
('25', '0', '15', '0', '0', '15', '0', '0', 'Dr. Ayie Sri Kartika', 'D025', 'Napza', '13'),
('26', '0', '0', '0', '15', '0', '0', '0', 'Dr. Efi Efifah', 'D026', 'Napza', '13'),
('27', '0', '0', '15', '0', '0', '0', '0', 'Dr. Siti Komariah', 'D027', 'Napza', '13'),
('28', '60', '60', '60', '60', '60', '0', '0', 'Dr. Zainal, Sp.S', 'D028', 'Neurologi', '14'),
('29', '50', '50', '50', '50', '50', '50', '0', 'Dr. Koko Harmoko, Sp.P', 'D029', 'Paru-Paru', '15'),
('30', '50', '0', '50', '0', '50', '20', '0', 'Dr. Adi Wijaya, Sp.PD', 'D030', 'Penyakit Dalam 1', '16'),
('31', '0', '40', '0', '40', '0', '0', '0', 'Dr. Erwanto B. W., Sp.PD', 'D031', 'Penyakit Dalam 1', '16'),
('32', '40', '40', '40', '40', '40', '0', '0', 'Dr. Dwi Ilfarah Djunaedi, Sp.PD', 'D032', 'Penyakit Dalam 2', '16'),
('33', '0', '0', '0', '15', '0', '0', '0', 'dr. Yongki, Sp.KJ', 'D033', 'Psikiatri Reguler', '17'),
('34', '15', '0', '0', '0', '0', '0', '0', 'dr. Yongki, Sp.KJ / dr. Rudy Rustam T, Sp.KJ', 'D034', 'Psikiatri Reguler', '17'),
('35', '15', '0', '0', '0', '15', '0', '0', 'dr. Irmansyah, Sp.KJ', 'D035', 'Psikiatri Reguler', '17'),
('36', '15', '0', '0', '0', '0', '0', '0', 'dr. W. D. Wulandari, Sp.KJ', 'D036', 'Psikiatri Reguler', '17'),
('37', '15', '0', '15', '0', '0', '0', '0', 'dr. Sucipto, Sp.KJ', 'D037', 'Psikiatri Reguler', '17'),
('38', '0', '15', '0', '0', '0', '0', '0', 'dr. Lukman M., Sp.KJ / dr. Amienudin Saad, Sp.KJ', 'D038', 'Psikiatri Reguler', '17'),
('39', '0', '15', '0', '15', '0', '0', '0', 'dr. Wiendarto L., Sp.KJ', 'D039', 'Psikiatri Reguler', '17'),
('40', '0', '15', '15', '0', '0', '0', '0', 'dr. Prastiyawan, Sp.KJ', 'D040', 'Psikiatri Reguler', '17'),
('41', '0', '15', '0', '0', '15', '0', '0', 'dr. Lahargo Kembaren, Sp.KJ', 'D041', 'Psikiatri Reguler', '17'),
('42', '0', '0', '15', '0', '0', '0', '0', 'Dr. Djunaedi T., Sp.KJ / dr. Rachmatsyah Said, Sp', 'D042', 'Psikiatri Reguler', '17'),
('43', '0', '0', '15', '0', '15', '0', '0', 'dr. Yuniar Pukuk K., Sp.KJ', 'D043', 'Psikiatri Reguler', '17'),
('44', '0', '0', '0', '15', '15', '0', '0', 'dr. Siti Khalimah, Sp.KJ', 'D044', 'Psikiatri Reguler', '17'),
('45', '0', '15', '0', '0', '0', '0', '0', 'dr. Rininta, Sp.KJ', 'D045', 'Psikiatri Reguler', '17'),
('46', '0', '15', '0', '0', '0', '0', '0', 'dr. Irmansyah, Sp.KJ', 'D046', 'Psikogeriatri', '17'),
('47', '0', '0', '15', '0', '0', '0', '0', 'dr. W. D. Wulandari, Sp.KJ', 'D047', 'Psikogeriatri', '17'),
('48', '15', '0', '0', '0', '0', '0', '0', 'dr. Wiendarto L., Sp.KJ', 'D048', 'Psikogeriatri', '17'),
('49', '15', '0', '0', '0', '0', '0', '0', 'dr. Prastiyawan, Sp.KJ', 'D049', 'Psikogeriatri', '17'),
('50', '0', '15', '0', '0', '0', '0', '0', 'dr. Yuniar Pukuk K., Sp.KJ', 'D050', 'Psikogeriatri', '17'),
('51', '0', '0', '0', '0', '15', '0', '0', 'dr. Rudy Rustam T., Sp.KJ', 'D051', 'Psikogeriatri', '17'),
('52', '0', '0', '0', '15', '0', '0', '0', 'dr. Rachmatsyah Said, Sp.KJ', 'D052', 'Psikogeriatri', '17'),
('53', '0', '0', '0', '0', '15', '0', '0', 'dr. W. D. Wulandari, Sp.KJ', 'D053', 'CLP', '17'),
('54', '0', '15', '0', '0', '0', '0', '0', 'dr. Sucipto, Sp.KJ', 'D054', 'CLP', '17'),
('55', '0', '0', '15', '0', '0', '0', '0', 'dr. Wiendarto L., Sp.KJ', 'D055', 'CLP', '17'),
('56', '0', '0', '0', '0', '15', '0', '0', 'dr. Prastiyawan, Sp.KJ', 'D056', 'CLP', '17'),
('57', '0', '0', '15', '0', '0', '0', '0', 'dr. Lahargo Kembaren, Sp.KJ', 'D057', 'CLP', '17'),
('58', '0', '0', '0', '15', '0', '0', '0', 'dr. Yuniar Pukuk K., Sp.KJ', 'D058', 'CLP', '17'),
('59', '15', '0', '0', '0', '0', '0', '0', 'dr. Rininta, Sp.KJ', 'D059', 'CLP', '17'),
('60', '0', '0', '15', '0', '0', '0', '0', 'dr. Amienudin Saad, Sp.KJ', 'D060', 'CLP', '17'),
('61', '0', '0', '15', '0', '0', '0', '0', 'dr. Irmansyah, Sp.KJ', 'D061', 'CLP', '17'),
('62', '0', '15', '0', '0', '0', '0', '0', 'dr. W. D. Wulandari, Sp.KJ', 'D062', 'CLP', '17'),
('63', '0', '0', '0', '15', '0', '0', '0', 'dr. Sucipto, Sp.KJ', 'D063', 'CLP', '17'),
('64', '0', '0', '0', '0', '15', '0', '0', 'dr. Wiendarto L., Sp.KJ', 'D064', 'CLP', '17'),
('65', '0', '0', '0', '15', '0', '0', '0', 'dr. Prastiyawan, Sp.KJ', 'D065', 'CLP', '17'),
('66', '15', '0', '0', '0', '0', '0', '0', 'dr. Lahargo Kembaren, Sp.KJ', 'D066', 'CLP', '17'),
('67', '15', '0', '0', '0', '0', '0', '0', 'dr. Yuniar Pukuk K., Sp.KJ', 'D067', 'CLP', '17'),
('68', '0', '15', '0', '0', '0', '0', '0', 'dr. Rininta, Sp.KJ', 'D068', 'CLP', '17'),
('69', '15', '15', '15', '0', '0', '0', '0', 'dr. Ira Savitri, Sp.KJ', 'D069', 'Psikiatri Anak & Remaja', '18'),
('70', '15', '15', '15', '15', '15', '0', '0', 'dr. Yongki, Sp.KJ', 'D070', 'Psikiatri Eksekutif', '19'),
('71', '15', '15', '15', '15', '15', '0', '0', 'dr. Irmansyah, Sp.KJ', 'D071', 'Psikiatri Eksekutif', '19'),
('72', '15', '15', '15', '15', '15', '0', '0', 'dr. W. D. Wulandari, Sp.KJ', 'D072', 'Psikiatri Eksekutif', '19'),
('73', '15', '15', '15', '15', '15', '0', '0', 'dr. Sucipto, Sp.KJ', 'D073', 'Psikiatri Eksekutif', '19'),
('74', '15', '15', '15', '15', '15', '0', '0', 'dr. Lukman M., Sp.KJ', 'D074', 'Psikiatri Eksekutif', '19'),
('75', '15', '15', '15', '15', '15', '0', '0', 'dr. Wiendarto L., Sp.KJ', 'D075', 'Psikiatri Eksekutif', '19'),
('76', '15', '15', '15', '15', '15', '0', '0', 'dr. Prastiyawan, Sp.KJ', 'D076', 'Psikiatri Eksekutif', '19'),
('77', '15', '15', '15', '15', '15', '0', '0', 'dr. Lahargo Kembaren, Sp.KJ', 'D077', 'Psikiatri Eksekutif', '19'),
('78', '15', '15', '15', '15', '15', '0', '0', 'Dr. Djunaedi T., Sp.KJ', 'D078', 'Psikiatri Eksekutif', '19'),
('79', '15', '15', '15', '15', '15', '0', '0', 'dr. Yuniar Pukuk K., Sp.KJ', 'D079', 'Psikiatri Eksekutif', '19'),
('80', '15', '15', '15', '15', '15', '0', '0', 'dr. Siti Khalimah, Sp.KJ', 'D080', 'Psikiatri Eksekutif', '19'),
('81', '15', '15', '15', '15', '15', '0', '0', 'dr. Rininta, Sp.KJ', 'D081', 'Psikiatri Eksekutif', '19'),
('82', '15', '15', '15', '15', '15', '0', '0', 'dr. Ira Savitri, Sp.KJ', 'D082', 'Psikiatri Eksekutif', '19'),
('83', '15', '15', '15', '15', '15', '0', '0', 'dr. Rudy Rustam T., Sp.KJ', 'D083', 'Psikiatri Eksekutif', '19'),
('84', '15', '15', '15', '15', '15', '0', '0', 'dr. Amienudin Saad, Sp.KJ', 'D084', 'Psikiatri Eksekutif', '19'),
('85', '15', '15', '15', '15', '15', '0', '0', 'dr. Rachmatsyah Said, Sp.KJ', 'D085', 'Psikiatri Eksekutif', '19'),
('86', '15', '0', '0', '0', '15', '0', '0', 'Dra. Rina Ruchiani, M.Psi.T', 'D086', 'Psikologi Anak & Remaja', '20'),
('87', '0', '15', '15', '15', '0', '0', '0', 'Sri Lestari, S.Psi', 'D087', 'Psikologi Anak & Remaja', '20'),
('88', '0', '0', '0', '15', '0', '0', '0', 'Amelia R. Kartika Dini, S.Psi', 'D088', 'Psikologi Dewasa', '21'),
('89', '0', '15', '0', '0', '0', '0', '0', 'Dewi Mustikawati, S.Psi', 'D089', 'Psikologi Dewasa', '21'),
('90', '0', '0', '0', '0', '15', '0', '0', 'Anisa Rahmnawati, S.Psi', 'D090', 'Psikologi Dewasa', '21'),
('91', '0', '0', '15', '0', '0', '0', '0', 'Dra. Rina Ruchiani, M.Psi.T', 'D091', 'Psikologi Dewasa', '21'),
('92', '15', '0', '0', '0', '0', '0', '0', 'Rini Susanti, S.Psi', 'D092', 'Psikologi Dewasa', '21'),
('93', '15', '15', '15', '15', '15', '0', '0', 'dr. Lahargo Kembaren, Sp.KJ', 'D093', 'Rehabilitasi Psikososial', '22'),
('94', '0', '0', '15', '0', '15', '0', '0', 'Dr. Tineke Saboe, Sp.THT', 'D094', 'THT', '23'),
('95', '15', '15', '0', '15', '0', '0', '0', 'Dr. Anna Maria, Sp.THT', 'D095', 'THT', '23'),
('96', '15', '15', '15', '15', '15', '0', '0', 'Dr. Nikovita Kasma, Sp.OK', 'D096', 'Umum & Okupasi', '24'),
('97', '15', '15', '15', '15', '15', '0', '0', 'Dr. Nikovita Kasma, Sp.OK', 'D097', 'Assessment Center', '24');